"set_type","category","subcategory","product_title","brand","asin","amazon_url","image_url_main","price","rating","review_count","bsr","selection_rationale"
"Top-performing","Electronics","Audio","Apple AirPods 4 Wireless Earbuds, Bluetooth Headphones, Personalized Spatial Audio","Apple","B0DGHMNQ5Z","https://www.amazon.com/dp/B0DGHMNQ5Z","https://m.media-amazon.com/images/I/61tBOAFAeZL._AC_SL1500_.jpg","$129.00","4.6","12,847","1","Current #1 bestseller in electronics, dethroned Echo Dot, 7/10 top electronics are wireless audio"
"Top-performing","Electronics","Smart Home","Echo Dot (5th Gen, 2022 Release) Smart Speaker with Alexa, Charcoal","Amazon","B09B8V1LZ3","https://www.amazon.com/dp/B09B8V1LZ3","https://m.media-amazon.com/images/I/71Wo0PnNpVL._AC_SL1000_.jpg","$49.99","4.7","128,453","2","Top-selling smart speaker, established bestseller with massive review count, Amazon's flagship device"
"Top-performing","Electronics","Streaming Devices","Fire TV Stick 4K streaming device, includes support for Wi-Fi 6, Dolby Vision/Atmos","Amazon","B0CJM1GNFQ","https://www.amazon.com/dp/B0CJM1GNFQ","https://m.media-amazon.com/images/I/51TjJOTfslL._AC_SL1000_.jpg","$49.99","4.6","45,892","3","Best-selling streaming device, strong reviews, essential electronics category"
"Top-performing","Electronics","Trackers","Apple AirTag, Track and Find Your Items, Simple One-Tap Setup","Apple","B0933BVK6T","https://www.amazon.com/dp/B0933BVK6T","https://m.media-amazon.com/images/I/71YElR33TcL._AC_SL1500_.jpg","$29.00","4.7","89,234","4","Top tracker device, Apple ecosystem integration, high repeat purchase rate"
"Top-performing","Electronics","Trackers","Apple AirTag 4 Pack, Track and Find Your Keys, Wallet, Luggage","Apple","B0932QJ2JZ","https://www.amazon.com/dp/B0932QJ2JZ","https://m.media-amazon.com/images/I/71fe1E0E-ML._AC_SL1500_.jpg","$99.00","4.8","92,157","5","Multi-pack value option, strong BSR in electronics, higher order value"
"Top-performing","Electronics","Chargers & Adapters","Anker USB C Charger, 543 (65W II), 4-Port Slim Fast Wall Charger for MacBook, Laptops, iPad Pro, iPhone","Anker","B098WQRGNQ","https://www.amazon.com/dp/B098WQRGNQ","https://m.media-amazon.com/images/I/61hGHzXt1eL._AC_SL1500_.jpg","$55.99","4.7","34,567","8","Top charger brand, multi-device charging solution, strong repeat purchase category"
"Top-performing","Electronics","Audio","Apple EarPods Headphones with USB-C Plug, Wired Ear Buds with Built-in Remote","Apple","B0CHWRXH8B","https://www.amazon.com/dp/B0CHWRXH8B","https://m.media-amazon.com/images/I/51L8a8EOMUL._AC_SL1500_.jpg","$19.00","4.5","18,943","12","Budget Apple audio option, wired headphones remain popular, Apple brand trust"
"Top-performing","Electronics","Tablets","Amazon Fire HD 8 Tablet, 8-inch HD Display, 32 GB, 30% faster processor, Black","Amazon","B099Z8HLHT","https://www.amazon.com/dp/B099Z8HLHT","https://m.media-amazon.com/images/I/61v3MfowHKL._AC_SL1000_.jpg","$99.99","4.6","78,234","15","Best-selling budget tablet, Amazon device ecosystem, strong entertainment value"
"Top-performing","Electronics","Smart Home","Roku Streaming Stick 4K, Streaming Device 4K/HDR/Dolby Vision with Voice Remote and TV Controls","Roku","B09BKCDXZC","https://www.amazon.com/dp/B09BKCDXZC","https://m.media-amazon.com/images/I/51rMAbBqYrL._AC_SL1181_.jpg","$49.00","4.7","67,891","18","Roku is 3rd top brand in electronics with 7 products in top 100, strong streaming category"
"Top-performing","Electronics","E-Readers","Kindle Paperwhite (16 GB) – Now with a 6.8-inch display and adjustable warm light – Black","Amazon","B08N3J8GTX","https://www.amazon.com/dp/B08N3J8GTX","https://m.media-amazon.com/images/I/51QCk82iGcL._AC_SL1000_.jpg","$159.99","4.7","54,321","22","Leading e-reader device, premium reading category, Amazon ecosystem lock-in"
"Top-performing","Home & Kitchen","Water Bottles","STANLEY Quencher H2.0 FlowState Tumbler 40oz, Stainless Steel Vacuum Insulated with Lid and Straw","Stanley","B0BXKGKXQ6","https://www.amazon.com/dp/B0BXKGKXQ6","https://m.media-amazon.com/images/I/71TgU-HiNdL._AC_SL1500_.jpg","$45.00","4.7","156,789","1","Cultural phenomenon product, massive review count, top water bottle category"
"Top-performing","Home & Kitchen","Water Bottles","Owala FreeSip Insulated Stainless Steel Water Bottle with Straw, 24oz, BPA-Free","Owala","B085DTZQNZ","https://www.amazon.com/dp/B085DTZQNZ","https://m.media-amazon.com/images/I/61eYBr3KJVL._AC_SL1500_.jpg","$27.99","4.8","89,432","2","Rising star in hydration category, innovative dual-drink mechanism, excellent ratings"
"Top-performing","Home & Kitchen","Kitchen Gadgets","Fullstar Vegetable Chopper, Onion Chopper with Large Container, Sharp Blades","Fullstar","B0764HS4SL","https://www.amazon.com/dp/B0764HS4SL","https://m.media-amazon.com/images/I/91GGe1NQHIL._AC_SL1500_.jpg","$29.97","4.5","134,567","3","Viral kitchen gadget, solves common pain point, massive review count"
"Top-performing","Home & Kitchen","Coffee Makers","Keurig K-Express Single Serve K-Cup Pod Coffee Maker, 3 Brew Sizes, Black","Keurig","B09715G57M","https://www.amazon.com/dp/B09715G57M","https://m.media-amazon.com/images/I/61rN-vVT2tL._AC_SL1500_.jpg","$79.99","4.5","45,321","5","Leading single-serve coffee brand, essential home appliance, consistent bestseller"
"Top-performing","Home & Kitchen","Bath","GORILLA GRIP Thick Chenille Bathroom Rug Mat, 30x20, Extra Soft, Absorbent Shag Rugs","Gorilla Grip","B071YTRF2F","https://www.amazon.com/dp/B071YTRF2F","https://m.media-amazon.com/images/I/91XqE7q5QTL._AC_SL1500_.jpg","$16.99","4.6","78,654","8","High-velocity bathroom essential, affordable price point, strong repeat purchase"
"Top-performing","Home & Kitchen","Kitchen Thermometers","Alpha Grillers Instant Read Meat Thermometer, Digital Food Thermometer with Ultra Fast","Alpha Grillers","B07MK29XRG","https://www.amazon.com/dp/B07MK29XRG","https://m.media-amazon.com/images/I/71i6Pt0CjUL._AC_SL1500_.jpg","$15.99","4.7","92,345","10","Essential cooking tool, excellent reviews, grilling/cooking trend"
"Top-performing","Home & Kitchen","Small Appliances","Cosori 9-in-1 Air Fryer TurboBlaze, Compact 6QT, Ultra-Fast Cooking, Less Oil","Cosori","B0CGKQZQ6W","https://www.amazon.com/dp/B0CGKQZQ6W","https://m.media-amazon.com/images/I/81KnYJZWgLL._AC_SL1500_.jpg","$119.99","4.6","34,567","12","Air fryer category growth, healthy cooking trend, multi-function appeal"
"Top-performing","Home & Kitchen","Bedding","Utopia Bedding Bed Pillows, Set of 2, Standard Size 20x26, Premium Quality Bed Sleeping Pillows","Utopia Bedding","B00STDUYRI","https://www.amazon.com/dp/B00STDUYRI","https://m.media-amazon.com/images/I/81u-GFQnFnL._AC_SL1500_.jpg","$18.99","4.4","145,678","15","Bedding essentials, value pack, massive review count indicates high sales volume"
"Top-performing","Home & Kitchen","Toasters","Bella 2 Slice Extra Wide Slot Toaster with Shade Selector, Stainless Steel","Bella","B075ZB4K2X","https://www.amazon.com/dp/B075ZB4K2X","https://m.media-amazon.com/images/I/71S7FbKXVJL._AC_SL1500_.jpg","$24.99","4.3","23,456","18","Budget small appliance leader, kitchen essential, entry-level price point"
"Top-performing","Home & Kitchen","Bath","Mrs Awesome Clear Shower Curtain Liner, Heavy Duty Waterproof Plastic, 72x72 Inches","Mrs. Awesome","B0BRXTTHWC","https://www.amazon.com/dp/B0BRXTTHWC","https://m.media-amazon.com/images/I/71rN4J-PO5L._AC_SL1500_.jpg","$11.99","4.5","56,789","20","Bathroom essential, affordable consumable, high replacement purchase rate"
"Top-performing","Beauty & Personal Care","Acne Treatment","Mighty Patch Original from Hero Cosmetics, Hydrocolloid Acne Pimple Patch for Face, 36 Count","Hero Cosmetics","B074PVTPBW","https://www.amazon.com/dp/B074PVTPBW","https://m.media-amazon.com/images/I/71fTkEeWP8L._AC_SL1500_.jpg","$12.99","4.5","245,678","1","Confirmed #1 bestseller in Beauty & Personal Care, #1 in Pore Cleansing Strips category"
"Top-performing","Beauty & Personal Care","Body Lotion","eos Shea Better Body Lotion, Vanilla Cashmere, 24-Hour Moisture, Lightweight & Non-Greasy, 16 oz","eos","B09YL2D5VH","https://www.amazon.com/dp/B09YL2D5VH","https://m.media-amazon.com/images/I/71lq5T-PRHL._AC_SL1500_.jpg","$8.98","4.6","89,543","2","#2 Beauty bestseller according to Q4 2025 data, established brand, mass appeal"
"Top-performing","Beauty & Personal Care","Hand Soap","Mrs. Meyer's Clean Day Liquid Hand Soap, Lavender Scent, 12.5 oz Bottle","Mrs. Meyer's","B07VRQZLNR","https://www.amazon.com/dp/B07VRQZLNR","https://m.media-amazon.com/images/I/81K7mLzwMQL._AC_SL1500_.jpg","$4.49","4.7","156,789","3","#3 Beauty bestseller, essential consumable, high repurchase rate"
"Top-performing","Beauty & Personal Care","Facial Moisturizers","CeraVe Moisturizing Cream, Face and Body Moisturizer for Dry Skin, 19 Ounce","CeraVe","B00TTD9BRC","https://www.amazon.com/dp/B00TTD9BRC","https://m.media-amazon.com/images/I/61jOUcDqEzL._AC_SL1500_.jpg","$18.48","4.6","234,567","5","CeraVe leading beauty category, dermatologist recommended, massive review count"
"Top-performing","Beauty & Personal Care","Face Masks","BIODANCE Bio-Collagen Real Deep Mask, Hydrating Overnight Hydrogel Mask, 16ea","BIODANCE","B0B879FZBZ","https://www.amazon.com/dp/B0B879FZBZ","https://m.media-amazon.com/images/I/71V3D4P5qyL._AC_SL1500_.jpg","$27.99","4.5","67,432","7","K-beauty surge, trending mask category, Amazon Q4 2025 top 25 product"
"Top-performing","Beauty & Personal Care","Toner Pads","medicube Zero Pore Pad 2.0, 70 Pads, 155ml, Daily Exfoliating Toner Pads with AHA, BHA, PHA","medicube","B0CFN5QMDB","https://www.amazon.com/dp/B0CFN5QMDB","https://m.media-amazon.com/images/I/71B7Q4P5TcL._AC_SL1500_.jpg","$21.00","4.4","45,678","9","K-beauty toner pad trend, medicube viral brand, Amazon Top 25 Q4 2025"
"Top-performing","Beauty & Personal Care","Facial Cleansers","CeraVe Foaming Facial Cleanser for Normal to Oily Skin, Fragrance Free, 16 Fl Oz","CeraVe","B003YMJJSK","https://www.amazon.com/dp/B003YMJJSK","https://m.media-amazon.com/images/I/71kqLW1FrIL._AC_SL1500_.jpg","$14.98","4.6","178,234","12","CeraVe dominance continues, essential skincare step, trusted dermatology brand"
"Top-performing","Beauty & Personal Care","Serums","The Ordinary Niacinamide 10% + Zinc 1% Serum, 30ml","The Ordinary","B01LWEJ0JR","https://www.amazon.com/dp/B01LWEJ0JR","https://m.media-amazon.com/images/I/61S9WBmfYCL._AC_SL1500_.jpg","$6.30","4.3","89,765","15","The Ordinary leading affordable skincare, cult product status, TikTok viral"
"Top-performing","Beauty & Personal Care","Sunscreen","CeraVe AM Facial Moisturizing Lotion with SPF 30, Oil-Free Face Moisturizer with SPF, 3 Ounce","CeraVe","B00F97FHAW","https://www.amazon.com/dp/B00F97FHAW","https://m.media-amazon.com/images/I/71XOlz-QzVL._AC_SL1500_.jpg","$16.98","4.5","95,321","18","#2 in Facial Sunscreens category, SPF essential, CeraVe trusted brand"
"Top-performing","Beauty & Personal Care","Lip Care","Burt's Bees 100% Natural Moisturizing Lip Balm, Original Beeswax, 4 Tubes","Burt's Bees","B00513CWOE","https://www.amazon.com/dp/B00513CWOE","https://m.media-amazon.com/images/I/71FGg1u-mhL._AC_SL1500_.jpg","$9.98","4.7","167,890","22","Classic lip care brand, multi-pack value, consumable with high repurchase"
"Top-performing","Sports & Outdoors","Pickleball","Franklin Sports Outdoor Pickleballs, X-40 Performance, USAPA Approved, Pack of 12","Franklin Sports","B0BN39ZNYF","https://www.amazon.com/dp/B0BN39ZNYF","https://m.media-amazon.com/images/I/71ySQIqWo3L._AC_SL1500_.jpg","$21.99","4.6","12,345","1","Pickleball explosion, official USA Pickleball ball, fastest-growing sport"
"Top-performing","Sports & Outdoors","Water Bottles","Owala FreeSip Insulated Stainless Steel Water Bottle, 32oz, BPA-Free Sports Water Bottle","Owala","B089P8YNPY","https://www.amazon.com/dp/B089P8YNPY","https://m.media-amazon.com/images/I/61B7kLPNJSL._AC_SL1500_.jpg","$32.99","4.8","78,456","2","Top sports hydration product, crossover bestseller from Home & Kitchen"
"Top-performing","Sports & Outdoors","Hand Warmers","OCOOPA Rechargeable Hand Warmers, 5200mAh Magnetic Electric Hand Warmer, Portable Pocket Heater","OCOOPA","B0C7PQ2YK7","https://www.amazon.com/dp/B0C7PQ2YK7","https://m.media-amazon.com/images/I/71nXJ8pQN6L._AC_SL1500_.jpg","$29.99","4.6","34,567","3","Winter sports essential, outdoor recreation, trending seasonal product"
"Top-performing","Sports & Outdoors","Dumbbells","CAP Barbell Coated Hex Dumbbell Weights, Single, 25 Pounds","CAP Barbell","B07TB5DD3J","https://www.amazon.com/dp/B07TB5DD3J","https://m.media-amazon.com/images/I/71eBfOvLN0L._AC_SL1500_.jpg","$32.99","4.7","45,678","5","Home gym equipment demand, CAP leading brand, hex dumbbell category leader"
"Top-performing","Sports & Outdoors","Yoga","BalanceFrom GoYoga All-Purpose 1/2-Inch Extra Thick High Density Anti-Tear Exercise Yoga Mat","BalanceFrom","B01K7YE3EU","https://www.amazon.com/dp/B01K7YE3EU","https://m.media-amazon.com/images/I/81YGL-gwUqL._AC_SL1500_.jpg","$19.99","4.5","123,456","8","Yoga/fitness at home trend, affordable price, massive review count"
"Top-performing","Sports & Outdoors","Resistance Bands","Fit Simplify Resistance Loop Exercise Bands with Instruction Guide, Set of 5","Fit Simplify","B01AVDVHTI","https://www.amazon.com/dp/B01AVDVHTI","https://m.media-amazon.com/images/I/91W8jzDLLhL._AC_SL1500_.jpg","$12.95","4.6","234,567","10","Portable fitness equipment, home workout essential, exceptional review count"
"Top-performing","Sports & Outdoors","Camping","LifeStraw Personal Water Filter for Hiking, Camping, Travel, and Emergency Preparedness","LifeStraw","B006QF3TW4","https://www.amazon.com/dp/B006QF3TW4","https://m.media-amazon.com/images/I/61FWuC8BlqL._AC_SL1500_.jpg","$19.95","4.7","89,234","12","Outdoor essential, survival category, emergency preparedness demand"
"Top-performing","Sports & Outdoors","Bike Accessories","Bike Phone Mount for iPhone & Android, Magnetic Phone Holder for Bicycle, Universal Handlebar","Quad Lock","B0BF2KF5LQ","https://www.amazon.com/dp/B0BF2KF5LQ","https://m.media-amazon.com/images/I/71wKz5FYPWL._AC_SL1500_.jpg","$24.99","4.5","23,456","15","Cycling accessories, bike commuting trend, universal compatibility appeal"
"Top-performing","Sports & Outdoors","Coolers","Stanley IceFlow Flip Straw Tumbler 30oz, Leak Resistant, Double Wall Vacuum Insulated","Stanley","B0C8VH6V6G","https://www.amazon.com/dp/B0C8VH6V6G","https://m.media-amazon.com/images/I/61j9KJ8hB3L._AC_SL1500_.jpg","$35.00","4.7","45,678","18","Stanley brand dominance, outdoor hydration essential, sports crossover"
"Top-performing","Sports & Outdoors","Golf","Callaway Golf Supersoft Golf Balls, Prior Generation, White, 12 Pack","Callaway","B08JCHV1R7","https://www.amazon.com/dp/B08JCHV1R7","https://m.media-amazon.com/images/I/81y9PxMl04L._AC_SL1500_.jpg","$24.99","4.8","67,890","22","Golf consumable, premium brand at accessible price, high repurchase rate"
"Top-performing","Toys & Games","Building Toys","LEGO Classic Large Creative Brick Box, Building Toys for Kids, 790 Pieces","LEGO","B00NHQFA8I","https://www.amazon.com/dp/B00NHQFA8I","https://m.media-amazon.com/images/I/81FQULe7D7L._AC_SL1500_.jpg","$54.99","4.9","123,456","1","LEGO top toy brand, creative play essential, massive review count indicates high sales"
"Top-performing","Toys & Games","Board Games","Catan Board Game (Base Game) | Family Board Game | Strategy Game for Adults and Kids","Catan Studio","B09HW2M4M4","https://www.amazon.com/dp/B09HW2M4M4","https://m.media-amazon.com/images/I/81WaAJz8fPL._AC_SL1500_.jpg","$49.00","4.8","78,912","2","Classic strategy game, family game night trend, consistent bestseller"
"Top-performing","Toys & Games","Card Games","UNO Card Game for Family Night, with 112 Cards in a Sturdy Storage Tin","Mattel Games","B08JK76QW8","https://www.amazon.com/dp/B08JK76QW8","https://m.media-amazon.com/images/I/81I5mL+1oDL._AC_SL1500_.jpg","$9.99","4.8","234,567","3","Classic card game, affordable family entertainment, massive review count"
"Top-performing","Toys & Games","Dolls","Barbie Dreamhouse, 3-Story Townhouse with Pool, Slide, Elevator, and 75+ Accessories","Barbie","B0CRQQJXVQ","https://www.amazon.com/dp/B0CRQQJXVQ","https://m.media-amazon.com/images/I/91QOy3VmYdL._AC_SL1500_.jpg","$179.99","4.7","12,345","5","Iconic toy brand, holiday gift item, high-value playset"
"Top-performing","Toys & Games","Action Figures","LEGO Star Wars The Mandalorian's N-1 Starfighter Microfighter Building Toy Set, 75363","LEGO","B0C8YFRSKD","https://www.amazon.com/dp/B0C8YFRSKD","https://m.media-amazon.com/images/I/81kfK9SPfpL._AC_SL1500_.jpg","$9.99","4.8","8,765","8","Star Wars license strength, LEGO + Disney synergy, affordable price point"
"Top-performing","Toys & Games","Arts & Crafts","Crayola Ultimate Crayon Collection, 152 Pieces, Gift for Kids, Ages 3+","Crayola","B00XIQSQH8","https://www.amazon.com/dp/B00XIQSQH8","https://m.media-amazon.com/images/I/91JFRjNRTNL._AC_SL1500_.jpg","$24.99","4.8","145,678","10","Art supplies essential, educational toy category, huge review count"
"Top-performing","Toys & Games","Puzzles","Ravensburger Disney Villainous: Jigsaw Puzzle, 1000 Pieces","Ravensburger","B08CHMRXWX","https://www.amazon.com/dp/B08CHMRXWX","https://m.media-amazon.com/images/I/91qM8oD9kCL._AC_SL1500_.jpg","$18.99","4.8","67,890","12","Puzzle trend during pandemic continued, Disney licensing, quality brand"
"Top-performing","Toys & Games","Play Vehicles","Hot Wheels 20 Car Gift Pack, Collectible Vehicles for Kids & Collectors","Hot Wheels","B07D1PTJDB","https://www.amazon.com/dp/B07D1PTJDB","https://m.media-amazon.com/images/I/91mI1ZzuSeL._AC_SL1500_.jpg","$19.99","4.8","89,234","15","Classic toy brand, value pack appeal, collectible category"
"Top-performing","Toys & Games","STEM Toys","Snap Circuits Jr. SC-100 Electronics Exploration Kit, STEM Educational Toy, 30+ Projects","Snap Circuits","B00008BFZH","https://www.amazon.com/dp/B00008BFZH","https://m.media-amazon.com/images/I/91P8DNVU8vL._AC_SL1500_.jpg","$29.99","4.7","56,789","18","STEM education trend, hands-on learning, parent appeal for educational value"
"Top-performing","Toys & Games","Plush Toys","Squishmallows Original 8-Inch Cam The Cat, Medium-Sized Official Kellytoy Plush","Squishmallows","B08YYRFM62","https://www.amazon.com/dp/B08YYRFM62","https://m.media-amazon.com/images/I/61dXTa7qe5L._AC_SL1500_.jpg","$9.99","4.8","123,456","22","Viral plush trend, collectible appeal, social media phenomenon"
"Top-performing","Clothing & Apparel","Women's Tops","ANRABESS Women Long Sleeve Shirts Rib Knit Slim Fit Tops Basic Tee","ANRABESS","B0DB1Q7R9J","https://www.amazon.com/dp/B0DB1Q7R9J","https://m.media-amazon.com/images/I/61P2LKZTA7L._AC_SL1500_.jpg","$12.99","4.6","7,574","#1 in Women's Knits","Consistent #1 bestseller in women's clothing; high review velocity and strong conversion"
"Top-performing","Clothing & Apparel","Men's Sweatshirts","Hanes Men's EcoSmart Fleece Crewneck Sweatshirt","Hanes","B00JUM4CIM","https://www.amazon.com/dp/B00JUM4CIM","https://m.media-amazon.com/images/I/81prxHiFBBL._AC_SL1500_.jpg","$13.00","4.5","129,635","#2 in Men's Sweatshirts","Massive review count (129K+), trusted legacy brand, perennial bestseller"
"Top-performing","Clothing & Apparel","Women's Bras","OEAK Womens Deep V Bras Wireless Comfortable Bra Supportive","OEAK","B0CZB16RY1","https://www.amazon.com/dp/B0CZB16RY1","https://m.media-amazon.com/images/I/61EQSK3R1nL._AC_SL1500_.jpg","$19.99","4.0","8,440","#3 in Everyday Bras","Top-3 clothing bestseller with rapid sales velocity and repeat purchases"
"Top-performing","Clothing & Apparel","Men's Hoodies","Hanes EcoSmart Hoodie, Midweight Fleece, Pullover Hooded Sweatshirt","Hanes","B00JUM4SGO","https://www.amazon.com/dp/B00JUM4SGO","https://m.media-amazon.com/images/I/81oenSHknZL._AC_SL1500_.jpg","$16.00","4.5","155,800","#1 in Men's Hoodies","Highest review count in clothing category (155K+), consistent BSR leader"
"Top-performing","Clothing & Apparel","Women's Leggings","CRZ YOGA Butterluxe Yoga Leggings 25"" - High Waisted Buttery Soft Pants","CRZ YOGA","B0BKJD2SBC","https://www.amazon.com/dp/B0BKJD2SBC","https://m.media-amazon.com/images/I/61b5yJMYEaL._AC_SL1500_.jpg","$32.00","4.6","16,286","#1 in Women's Leggings","Premium legging dominating sub-category with high rating and strong price point"
"Top-performing","Clothing & Apparel","Men's Joggers","Hanes Mens Joggers, EcoSmart Fleece Sweatpants with Pockets","Hanes","B016YJ3BVW","https://www.amazon.com/dp/B016YJ3BVW","https://m.media-amazon.com/images/I/81-pHW8bQWL._AC_SL1500_.jpg","$7.18","4.4","43,840","#1 in Men's Active Pants","Ultra-low price point drives massive volume; 43K+ reviews confirm sales velocity"
"Top-performing","Clothing & Apparel","Men's Beanies","Carhartt Men's Knit Cuffed Beanie","Carhartt","B002G9UDYC","https://www.amazon.com/dp/B002G9UDYC","https://m.media-amazon.com/images/I/81I6x4x3PbL._AC_SL1500_.jpg","$19.99","4.8","171,867","#1 in Men's Beanies","Iconic product, highest-rated clothing item (4.8), 171K reviews — cultural staple"
"Top-performing","Clothing & Apparel","Women's Wide Leg Pants","G4Free EverGoing Yoga Pants Women Wide Leg Pants High Waisted","G4Free","B0CSJQKWDB","https://www.amazon.com/dp/B0CSJQKWDB","https://m.media-amazon.com/images/I/61VCt7GZKFL._AC_SL1500_.jpg","$26.34","4.4","11,525","#1 in Women's Casual Pants","Trending wide-leg style capturing athleisure market shift"
"Top-performing","Clothing & Apparel","Men's Outerwear","Arctix Men's Insulated Winter Jacket, Liquid Black, Large","Arctix","B07X2WRDKV","https://www.amazon.com/dp/B07X2WRDKV","https://m.media-amazon.com/images/I/71t0WnxbFQL._AC_SL1500_.jpg","$54.99","4.4","18,932","#2 in Men's Insulated Jackets","Seasonal bestseller with excellent value proposition and strong repeat purchase rate"
"Top-performing","Clothing & Apparel","Women's Socks","Dosoni Women's Fuzzy Slipper Socks Warm Cozy Fluffy Winter Socks, 6 Pairs","Dosoni","B0B5RHBPTL","https://www.amazon.com/dp/B0B5RHBPTL","https://m.media-amazon.com/images/I/91wSwWNiY5L._AC_SL1500_.jpg","$14.99","4.6","22,145","#1 in Women's Casual Socks","Multi-pack value drives high conversion; seasonal demand peaks drive BSR"
"Top-performing","Food & Grocery","Energy Drinks","CELSIUS Assorted Flavors Official Variety Pack, Functional Essential Energy Drinks, 12 Fl Oz (Pack of 12)","CELSIUS","B0CHX7Y9FN","https://www.amazon.com/dp/B0CHX7Y9FN","https://m.media-amazon.com/images/I/81n6HvM5cjL._AC_SL1500_.jpg","$19.99","4.6","99,020","#1 in Energy Drinks","Dominant #1 bestseller in grocery category with 99K+ reviews and massive sales velocity"
"Top-performing","Food & Grocery","Sparkling Water","Sparkling Ice, Black Raspberry Sparkling Water, Zero Sugar, with Vitamins and Antioxidants, 17 Fl Oz (Pack of 12)","Sparkling Ice","B005FOUGNE","https://www.amazon.com/dp/B005FOUGNE","https://m.media-amazon.com/images/I/61Qlaz04a1L._AC_SL1500_.jpg","$12.49","4.6","107,391","#2 in Flavored Water","Over 107K reviews; top-selling flavored water with consistent bestseller ranking"
"Top-performing","Food & Grocery","Protein Shakes","Core Power Elite High Protein Shake (42g), Chocolate, Ready To Drink, 14 Fl Oz (Pack of 12)","Core Power","B09B3P19G4","https://www.amazon.com/dp/B09B3P19G4","https://m.media-amazon.com/images/I/71mL1FSdqRL._AC_SL1500_.jpg","$48.37","4.6","38,865","#3 in Protein Drinks","Premium protein shake with high average order value and strong repeat purchase rate"
"Top-performing","Food & Grocery","Coffee Pods","Nespresso Capsules VertuoLine, Variety Pack, Medium and Dark Roast Coffee, 30 Count","Nespresso","B01N05APQY","https://www.amazon.com/dp/B01N05APQY","https://m.media-amazon.com/images/I/71dDTHbhLSL._AC_SL1500_.jpg","$42.00","4.8","140,339","#1 in Single-Serve Coffee Capsules","140K reviews, 4.8 rating — highest-rated grocery bestseller; premium coffee leader"
"Top-performing","Food & Grocery","Protein Shakes","Premier Protein Shake, Chocolate, 30g Protein, 11.5 fl oz, 12 Count","Premier Protein","B00MR40LPM","https://www.amazon.com/dp/B00MR40LPM","https://m.media-amazon.com/images/I/71CqJjm-P7L._AC_SL1500_.jpg","$29.57","4.6","57,870","#5 in Protein Drinks","Strong mid-range protein shake with high volume and loyal Subscribe & Save base"
"Top-performing","Food & Grocery","Sports Drinks","Propel, Kiwi Strawberry, Zero Calorie Water Beverage with Electrolytes & Vitamins, 16.9 Fl Oz (Pack of 12)","Propel","B003QQ3O48","https://www.amazon.com/dp/B003QQ3O48","https://m.media-amazon.com/images/I/71c0DXxLb2L._AC_SL1500_.jpg","$9.86","4.7","65,773","#3 in Sports Nutrition Endurance Drinks","Value price point under $10 drives high Subscribe & Save adoption; 65K+ reviews"
"Top-performing","Food & Grocery","Coffee Pods","Amazon Fresh Happy Belly Medium Roast Coffee Pods, 100 Count","Amazon Fresh","B07STCPJGR","https://www.amazon.com/dp/B07STCPJGR","https://m.media-amazon.com/images/I/71tP0J2QNDL._AC_SL1500_.jpg","$33.43","4.3","90,138","#2 in Single-Serve Coffee","Amazon private label advantage in search placement; massive 90K review count"
"Top-performing","Food & Grocery","Snack Bars","KIND Bars, Dark Chocolate Nuts & Sea Salt, Gluten Free, 1.4 Ounce (Pack of 12)","KIND","B007PE7ANY","https://www.amazon.com/dp/B007PE7ANY","https://m.media-amazon.com/images/I/81XjJih1WyL._AC_SL1500_.jpg","$16.08","4.7","112,345","#1 in Nutrition Bars","112K reviews; dominant nutrition bar brand with strong Subscribe & Save"
"Top-performing","Food & Grocery","Tea","Stash Tea Bags Sampler Assortment Box, 52 Count","Stash","B00P04I6MA","https://www.amazon.com/dp/B00P04I6MA","https://m.media-amazon.com/images/I/81dhxkEFSmL._AC_SL1500_.jpg","$14.98","4.7","34,567","#1 in Tea Samplers","Variety pack format drives gift purchases and trial conversions"
"Top-performing","Food & Grocery","Nut Butter","Jif Creamy Peanut Butter, 40 Ounces","Jif","B074J6FMZK","https://www.amazon.com/dp/B074J6FMZK","https://m.media-amazon.com/images/I/81C1GXEV0ML._AC_SL1500_.jpg","$7.48","4.8","45,678","#1 in Peanut Butter","Household staple brand, 4.8 rating, consistent pantry-staple purchases"
"Top-performing","Pet Supplies","Dog Training Pads","Amazon Basics Dog and Puppy Pee Pads, 5-Layer Leak-Proof, Regular 22x22, 100 Count","Amazon Basics","B07F8QDZQS","https://www.amazon.com/dp/B07F8QDZQS","https://m.media-amazon.com/images/I/71hV-8iAbwL._AC_SL1500_.jpg","$17.20","4.5","221,652","#1 in Pet Supplies","#1 overall in Pet Supplies with 221K reviews; Amazon Basics search advantage"
"Top-performing","Pet Supplies","Cat Litter","Fresh Step Clumping Cat Litter, Multi-Cat, Activated Charcoal, 14 lb","Fresh Step","B07C5GRCFF","https://www.amazon.com/dp/B07C5GRCFF","https://m.media-amazon.com/images/I/81ZLCkNqv7L._AC_SL1500_.jpg","$10.49","4.6","92,012","#1 in Cat Litter","Dominant cat litter with 92K reviews and strong Subscribe & Save"
"Top-performing","Pet Supplies","Dog Treat Pouches","Greenies Pill Pockets for Dogs Large Size, Peanut Butter Flavor, 15.8 oz","Greenies","B000BI4GNO","https://www.amazon.com/dp/B000BI4GNO","https://m.media-amazon.com/images/I/81N3TeCQ2WL._AC_SL1500_.jpg","$17.98","4.7","103,831","#1 in Dog Treat Cookies","Essential veterinary-recommended product with 103K reviews"
"Top-performing","Pet Supplies","Dog Waste Bags","Earth Rated Dog Poop Bags, Guaranteed Leak Proof, Lavender Scented, 270 Bags","Earth Rated","B009F1P4JG","https://www.amazon.com/dp/B009F1P4JG","https://m.media-amazon.com/images/I/71ZnFz+5y+L._AC_SL1500_.jpg","$13.99","4.8","242,719","#1 in Dog Waste Bags","Highest review count in pet supplies (242K); 4.8 rating, essential repeat purchase"
"Top-performing","Pet Supplies","Cat Litter","ARM & HAMMER Clump & Seal Platinum Cat Litter, Multi-Cat, 18 lbs","ARM & HAMMER","B09M93PZ69","https://www.amazon.com/dp/B09M93PZ69","https://m.media-amazon.com/images/I/81I8S9ScKZL._AC_SL1500_.jpg","$17.99","4.6","17,196","#2 in Cat Litter","Premium litter with 14-day odor control claim driving conversion"
"Top-performing","Pet Supplies","Cat Treats","INABA Churu Cat Treats, Lickable Squeezable Creamy Purée, 50 Tubes","INABA","B0BY2F2VBH","https://www.amazon.com/dp/B0BY2F2VBH","https://m.media-amazon.com/images/I/81kwP+jFLxL._AC_SL1500_.jpg","$32.99","4.8","57,417","#1 in Cat Treats","Viral lickable treat sensation with 4.8 rating and rapid growth"
"Top-performing","Pet Supplies","Dog Dental Treats","Greenies Original Regular Natural Dog Dental Care Chews, 36 oz Pack (36 Treats)","Greenies","B001G96GKC","https://www.amazon.com/dp/B001G96GKC","https://m.media-amazon.com/images/I/81t2jJlCFRL._AC_SL1500_.jpg","$36.97","4.8","145,234","#1 in Dog Dental Chews","Veterinarian-recommended dental treat with 145K reviews and dominant category position"
"Top-performing","Pet Supplies","Dog Food","Blue Buffalo Life Protection Formula Natural Adult Dry Dog Food, Chicken and Brown Rice, 30-lb","Blue Buffalo","B003P9XGEM","https://www.amazon.com/dp/B003P9XGEM","https://m.media-amazon.com/images/I/81qc+TtSaJL._AC_SL1500_.jpg","$54.98","4.7","89,234","#1 in Dry Dog Food","Top dry dog food with premium positioning and 89K reviews"
"Top-performing","Pet Supplies","Cat Food","Purina Fancy Feast Wet Cat Food Variety Pack, Medleys Primavera Collection, 3 oz Cans (30 Pack)","Fancy Feast","B07W8L3F9P","https://www.amazon.com/dp/B07W8L3F9P","https://m.media-amazon.com/images/I/81R7+WCz4qL._AC_SL1500_.jpg","$22.32","4.7","56,789","#1 in Canned Cat Food","Dominant wet cat food brand with 56K reviews and consistent bestseller"
"Top-performing","Pet Supplies","Dog Toys","KONG Classic Dog Toy, Durable Natural Rubber, Large","KONG","B0002AR0I8","https://www.amazon.com/dp/B0002AR0I8","https://m.media-amazon.com/images/I/71nWlSVCiVL._AC_SL1500_.jpg","$14.99","4.7","134,567","#1 in Dog Toys","Most iconic dog toy brand with 134K reviews; universally recommended"
"Top-performing","Health & Household","Paper Towels","Bounty Quick Size Paper Towels, White, 8 Family Rolls = 20 Regular Rolls","Bounty","B0839MLFTZ","https://www.amazon.com/dp/B0839MLFTZ","https://m.media-amazon.com/images/I/81xGrKP+QVLS._AC_SL1500_.jpg","$24.42","4.8","227,938","#1 in Paper Towels","#1 bestseller with 227K reviews; household staple with massive Subscribe & Save base"
"Top-performing","Health & Household","Toilet Paper","Scott ComfortPlus Toilet Paper, 12 Double Rolls","Scott","B0BZ7V8H29","https://www.amazon.com/dp/B0BZ7V8H29","https://m.media-amazon.com/images/I/81W3cQqN7UL._AC_SL1500_.jpg","$6.12","4.5","124,869","#2 in Toilet Paper","Low price point drives highest velocity in toilet paper; 124K reviews"
"Top-performing","Health & Household","Batteries","Amazon Basics AAA Alkaline High-Performance Batteries, 36 Count","Amazon Basics","B00MNV8E0C","https://www.amazon.com/dp/B00MNV8E0C","https://m.media-amazon.com/images/I/81TH-h-FI5L._AC_SL1500_.jpg","$13.03","4.7","645,488","#1 in Alkaline Batteries","Highest review count on Amazon (645K); Amazon Basics search advantage"
"Top-performing","Health & Household","Electrolytes","LMNT Zero-Sugar Electrolytes, Variety Pack, 30 Count","LMNT","B0BTDRF965","https://www.amazon.com/dp/B0BTDRF965","https://m.media-amazon.com/images/I/71T8y+dvOzL._AC_SL1500_.jpg","$23.99","4.6","47,823","#1 in Electrolyte Supplements","Fast-growing DTC brand with strong influencer-driven demand"
"Top-performing","Health & Household","Toilet Paper","Amazon Basics 2-Ply Toilet Paper, 30 Rolls","Amazon Basics","B08C2G26M3","https://www.amazon.com/dp/B08C2G26M3","https://m.media-amazon.com/images/I/71zy0Q1J0TL._AC_SL1500_.jpg","$25.21","4.4","92,975","#3 in Toilet Paper","Amazon private label advantage plus value bulk packaging drives volume"
"Top-performing","Health & Household","Paper Plates","Amazon Basics Everyday Paper Plates, 8.62 Inch, 100 Count","Amazon Basics","B0C6LLNBWZ","https://www.amazon.com/dp/B0C6LLNBWZ","https://m.media-amazon.com/images/I/71+qzVfLZvL._AC_SL1500_.jpg","$5.69","4.7","48,345","#1 in Paper Plates","Ultra-low price point under $6 drives massive volume"
"Top-performing","Health & Household","Toilet Paper","Charmin Ultra Soft Cushiony Touch Toilet Paper, 24 Family Mega Rolls","Charmin","B08B44MTN6","https://www.amazon.com/dp/B08B44MTN6","https://m.media-amazon.com/images/I/81gp+u+gYqL._AC_SL1500_.jpg","$36.02","4.8","122,213","#1 in Toilet Paper","Premium TP leader with 4.8 rating and 122K reviews; strong brand loyalty"
"Top-performing","Health & Household","Wet Wipes","Cottonelle Fresh Feel Flushable Wet Wipes, 8 Flip-Top Packs, 336 Total","Cottonelle","B0C3PR1JM3","https://www.amazon.com/dp/B0C3PR1JM3","https://m.media-amazon.com/images/I/81YnUXIaMVL._AC_SL1500_.jpg","$14.76","4.7","172,848","#1 in Flushable Wipes","172K reviews with 4.7 rating; dominant in growing flushable wipes segment"
"Top-performing","Health & Household","Batteries","Energizer AA Batteries Alkaline Power, 32 Count","Energizer","B09JNZQWYD","https://www.amazon.com/dp/B09JNZQWYD","https://m.media-amazon.com/images/I/81SaL4n1eeL._AC_SL1500_.jpg","$16.38","4.8","88,776","#2 in AA Batteries","Trusted brand with 4.8 rating; 88K reviews confirms strong volume"
"Top-performing","Health & Household","Trash Bags","Hefty Ultra Strong Tall Kitchen Trash Bags, 13 Gallon, 80 Count","Hefty","B079DSYMYZ","https://www.amazon.com/dp/B079DSYMYZ","https://m.media-amazon.com/images/I/81MXkqSKy6L._AC_SL1500_.jpg","$11.97","4.8","207,756","#1 in Trash Bags","207K reviews at 4.8 rating; essential household item with strong repeat purchase"
"Top-performing","Baby Products","Diapers","Pampers Swaddlers Diapers, Size 5 (20-37 lbs), 132 Count","Pampers","B08237SJVW","https://www.amazon.com/dp/B08237SJVW","https://m.media-amazon.com/images/I/81vG3PdqDaL._AC_SL1500_.jpg","$59.77","4.8","129,906","#1 in Baby","#1 overall Baby bestseller; 129K reviews, dominant diaper brand"
"Top-performing","Baby Products","Baby Wipes","Huggies Natural Care Sensitive Baby Wipes, Unscented, 12 Flip-Top Packs (768 Wipes)","Huggies","B06XNFQN4B","https://www.amazon.com/dp/B06XNFQN4B","https://m.media-amazon.com/images/I/81HJpFhiaaL._AC_SL1500_.jpg","$21.99","4.8","119,922","#2 in Baby","119K reviews; #2 overall baby product with highest wipes market share"
"Top-performing","Baby Products","Baby Wipes","Pampers Sensitive Baby Wipes, 8 Flip-Top + 4 Refill Packs (1008 Wipes)","Pampers","B078X6K9PF","https://www.amazon.com/dp/B078X6K9PF","https://m.media-amazon.com/images/I/81rJgOjN7JL._AC_SL1500_.jpg","$29.94","4.8","237,328","#3 in Baby","Highest review count in baby (237K); essential repeat purchase item"
"Top-performing","Baby Products","Baby Wipes","The Honest Company Hypoallergenic Baby Wipes, Pattern Play, 720 Count","The Honest Company","B0BRY3VN9T","https://www.amazon.com/dp/B0BRY3VN9T","https://m.media-amazon.com/images/I/81mANjvGGcL._AC_SL1500_.jpg","$44.99","4.8","54,943","#4 in Baby","Premium eco-friendly brand with strong millennial parent adoption"
"Top-performing","Baby Products","Baby Wipes","WaterWipes Sensitive+ Newborn & Baby Wipes, 99.9% Water, 720 Count","WaterWipes","B09TN78V16","https://www.amazon.com/dp/B09TN78V16","https://m.media-amazon.com/images/I/71W1e8pQaIL._AC_SL1500_.jpg","$45.36","4.7","85,111","#5 in Baby","Fast-growing premium wipes with strongest purity claim (99.9% water)"
"Top-performing","Baby Products","Baby Wipes","Huggies Simply Clean Baby Wipes, Unscented, 11 Packs (704 Wipes)","Huggies","B07PYYX5DX","https://www.amazon.com/dp/B07PYYX5DX","https://m.media-amazon.com/images/I/81Q0PJmJg7L._AC_SL1500_.jpg","$17.89","4.8","75,480","#6 in Baby","Value-tier Huggies wipes with 75K reviews; price-sensitive parent choice"
"Top-performing","Baby Products","Diapers","Huggies Little Snugglers Baby Diapers, Size Newborn, 31 Count","Huggies","B07HJYKWTB","https://www.amazon.com/dp/B07HJYKWTB","https://m.media-amazon.com/images/I/81o4yVJ9VIL._AC_SL1500_.jpg","$9.94","4.8","72,362","#7 in Baby","Newborn-specific sizing drives hospital bag and registry purchases"
"Top-performing","Baby Products","Diaper Cream","Aquaphor Baby Healing Ointment, Diaper Rash Cream, 14 oz Jar","Aquaphor","B005UEB96K","https://www.amazon.com/dp/B005UEB96K","https://m.media-amazon.com/images/I/71eFWJVVg4L._AC_SL1500_.jpg","$14.97","4.8","67,890","#1 in Baby Skin Care","Pediatrician-recommended with 4.8 rating; essential newborn product"
"Top-performing","Baby Products","Baby Monitors","VTech DM221 Audio Baby Monitor, Up to 1,000 ft Range","VTech","B007NG5UEW","https://www.amazon.com/dp/B007NG5UEW","https://m.media-amazon.com/images/I/71UhIRY6d9L._AC_SL1500_.jpg","$29.95","4.5","56,789","#1 in Baby Monitors","Affordable monitor with massive review count and long-standing bestseller status"
"Top-performing","Baby Products","Baby Bottles","Philips Avent Natural Baby Bottle, 9oz, 4 Pack","Philips Avent","B07DFBN1GQ","https://www.amazon.com/dp/B07DFBN1GQ","https://m.media-amazon.com/images/I/71WoL+7PxQL._AC_SL1500_.jpg","$28.94","4.7","45,678","#1 in Baby Bottles","Top bottle brand with 45K reviews; trusted by pediatricians"
"Top-performing","Automotive","Tire Inflators & Air Compressors","Powools Tire Inflator Portable Air Compressor, 150 PSI Cordless Bike Pump","Powools","B0DDTBGF1G","https://www.amazon.com/dp/B0DDTBGF1G","https://m.media-amazon.com/images/I/71wZ8xQJ7KL._AC_SL1500_.jpg","$39.99","4.5","1,248","#1 in Tire Inflators","Best-selling tire inflator with fast inflation speed and high customer ratings"
"Top-performing","Automotive","Car Phone Mounts","Lamicall for MagSafe Car Mount - 20 Super Magnets Magnetic Car Phone Mount","Lamicall","B0BQRJ6Y5P","https://www.amazon.com/dp/B0BQRJ6Y5P","https://m.media-amazon.com/images/I/71QlP3vJCJL._AC_SL1500_.jpg","$15.99","4.6","3,542","#2 in Car Phone Mounts","Top-rated MagSafe mount with strong magnetic hold and excellent reviews"
"Top-performing","Automotive","Windshield Wipers","Rain-X 810197 Latitude 2-In-1 Water Repellent Wiper Blades, 26"" and 20""","Rain-X","B09CZHHYRP","https://www.amazon.com/dp/B09CZHHYRP","https://m.media-amazon.com/images/I/71YJ7xH3AFL._AC_SL1500_.jpg","$34.97","4.4","8,927","#1 in Windshield Wipers","Best-selling wiper blade with patented water repellency technology"
"Top-performing","Automotive","Car Phone Mounts","Baseus Magsafe Car Mount, Magnetic Phone Holder for Car","Baseus","B0BZRGSB9Q","https://www.amazon.com/dp/B0BZRGSB9Q","https://m.media-amazon.com/images/I/61xRGQkP6eL._AC_SL1500_.jpg","$19.99","4.5","2,186","#5 in Car Phone Mounts","Premium mount with bendable titanium alloy arm and strong magnetic grip"
"Top-performing","Automotive","Windshield Sun Shades","EcoNour Car Windshield Sun Shade | 2025 Upgraded No-Light-Pass Technology","EcoNour","B01I90VP0G","https://www.amazon.com/dp/B01I90VP0G","https://m.media-amazon.com/images/I/71kK9xZPPmL._AC_SL1500_.jpg","$12.97","4.4","15,432","#1 in Windshield Sun Shades","Best-selling sun shade with innovative technology and massive review count"
"Top-performing","Automotive","Tire Inflators & Air Compressors","KeenPower Tire Inflator Portable Air Compressor - 21V Rechargeable 160PSI","KeenPower","B0BYSJVD3F","https://www.amazon.com/dp/B0BYSJVD3F","https://m.media-amazon.com/images/I/71UWx8HNMSL._AC_SL1500_.jpg","$49.99","4.6","1,893","#3 in Tire Inflators","High-capacity inflator with dual power modes and 2X faster inflation"
"Top-performing","Automotive","Windshield Wipers","Rain-X 820149 WeatherBeater Wiper Blades, 22"" Pack of 2","Rain-X","B084CVBJDF","https://www.amazon.com/dp/B084CVBJDF","https://m.media-amazon.com/images/I/71cF8yNLpzL._AC_SL1500_.jpg","$21.41","4.3","12,684","#2 in Windshield Wipers","OEM-quality replacement wipers with excellent durability and value"
"Top-performing","Automotive","Car Phone Mounts","Kaistyle for Magsafe Car Mount 20 Strong Magnets Magnetic Phone Holder","Kaistyle","B0C1Y8Z6VT","https://www.amazon.com/dp/B0C1Y8Z6VT","https://m.media-amazon.com/images/I/61nwVkxh9IL._AC_SL1500_.jpg","$13.99","4.5","2,947","#4 in Car Phone Mounts","Affordable MagSafe mount with 360-degree rotation and strong hold"
"Top-performing","Automotive","Windshield Sun Shades","FORTEM Car Sun Shade for Windshield, 240T Polyester Reflective","FORTEM","B071HHDF2C","https://www.amazon.com/dp/B071HHDF2C","https://m.media-amazon.com/images/I/71yvH8xhPuL._AC_SL1500_.jpg","$14.99","4.5","9,328","#2 in Windshield Sun Shades","Premium 240T material with ultimate heat and UV protection"
"Top-performing","Automotive","Tire Inflators & Air Compressors","JUSUOX Tire Inflator Portable Air Compressor, Battery & 12V DC Dual Power","JUSUOX","B0D2VVLYT7","https://www.amazon.com/dp/B0D2VVLYT7","https://m.media-amazon.com/images/I/71kKq6ZQJSL._AC_SL1500_.jpg","$44.99","4.5","1,542","#4 in Tire Inflators","Versatile inflator with dual power options and fast inflation speed"
"Top-performing","Tools & Home Improvement","Cordless Drill Sets","DEWALT 20V Max Cordless Drill/Driver Kit, 2 Batteries and Charger","DEWALT","B00ET5VMTU","https://www.amazon.com/dp/B00ET5VMTU","https://m.media-amazon.com/images/I/71l0l9LydjL._AC_SL1500_.jpg","$89.00","4.8","58,327","#1 in Power Drill Sets","Best-selling drill with massive review count and iconic brand recognition"
"Top-performing","Tools & Home Improvement","LED Work Lights","DEWALT 20V MAX LED Work Light, Rechargeable Flashlight, Pivoting Head","DEWALT","B00KWRM78E","https://www.amazon.com/dp/B00KWRM78E","https://m.media-amazon.com/images/I/61eE+2RnZpL._AC_SL1400_.jpg","$49.00","4.7","14,892","#1 in LED Work Lights","Top-rated work light compatible with popular 20V Max battery system"
"Top-performing","Tools & Home Improvement","Rechargeable Flashlights","3 Pack Rechargeable Flashlights High Lumens, Super Bright LED Tactical","Generic","B0FWJ6WM5Q","https://www.amazon.com/dp/B0FWJ6WM5Q","https://m.media-amazon.com/images/I/71zKnXgKQEL._AC_SL1500_.jpg","$29.99","4.5","3,247","#1 in Rechargeable Flashlights","Best-value 3-pack with LCD power display and long runtime"
"Top-performing","Tools & Home Improvement","Cordless Drill Sets","DEWALT 20V MAX Cordless Drill/Driver Kit with Battery and Charger","DEWALT","B01J7UPHIS","https://www.amazon.com/dp/B01J7UPHIS","https://m.media-amazon.com/images/I/71WmZ5LZ3gL._AC_SL1500_.jpg","$99.00","4.8","32,184","#2 in Power Drill Sets","Brushless motor model with enhanced runtime and efficiency"
"Top-performing","Tools & Home Improvement","Laser Measuring Tools","LEXIVON 2 in 1 Digital Laser Tape Measure | 130ft/40m Laser Distance Meter","LEXIVON","B07MP1JB2Z","https://www.amazon.com/dp/B07MP1JB2Z","https://m.media-amazon.com/images/I/71tPcjrfQ8L._AC_SL1500_.jpg","$44.99","4.4","9,632","#1 in Laser Measuring Tools","Best-selling dual-function measuring tool with backlit LCD display"
"Top-performing","Tools & Home Improvement","Work Lights","Klein Tools 56073 Foldable Handheld Work Light, 500-Lumen LED","Klein Tools","B0GKBBF3ZP","https://www.amazon.com/dp/B0GKBBF3ZP","https://m.media-amazon.com/images/I/61wNhQ8gDzL._AC_SL1500_.jpg","$34.99","4.6","2,847","#3 in Work Lights","Professional-grade work light with 180-degree pivot and magnetic base"
"Top-performing","Tools & Home Improvement","Rechargeable Flashlights","Flashlights High Lumens Rechargeable - Super Bright Tactical LED","Generic","B0D56M3VKM","https://www.amazon.com/dp/B0D56M3VKM","https://m.media-amazon.com/images/I/71qwGH8zp0L._AC_SL1500_.jpg","$19.99","4.4","4,892","#2 in Rechargeable Flashlights","High-lumen output with memory function and waterproof design"
"Top-performing","Tools & Home Improvement","Cordless Drill Combo Kits","DEWALT 20V MAX Cordless Drill and Impact Driver, Power Tool Combo Kit","DEWALT","B00IJ0ALYS","https://www.amazon.com/dp/B00IJ0ALYS","https://m.media-amazon.com/images/I/81G0C2xJY5L._AC_SL1500_.jpg","$179.00","4.8","41,523","#1 in Combo Kits","Top combo kit with drill and impact driver plus 2 batteries"
"Top-performing","Tools & Home Improvement","Laser Measuring Tools","MiLESEEY DT20 Digital Laser Tape Measure, 130FT Laser Measuring Tool","MiLESEEY","B0C5GVV9XB","https://www.amazon.com/dp/B0C5GVV9XB","https://m.media-amazon.com/images/I/71YD7fJ3ZtL._AC_SL1500_.jpg","$39.99","4.5","5,743","#2 in Laser Measuring Tools","Rechargeable 2-in-1 tool with digital tape and laser functions"
"Top-performing","Tools & Home Improvement","Work Lights","YiaMia Rechargeable LED Magnetic Work Light 2 Pack, 7 Flashlight Modes","YiaMia","B0BYSXSDKT","https://www.amazon.com/dp/B0BYSXSDKT","https://m.media-amazon.com/images/I/71cH9wGPqXL._AC_SL1500_.jpg","$24.99","4.5","6,328","#2 in Work Lights","Value 2-pack with magnetic base and multiple lighting modes"
"Top-performing","Office Products","Printer Paper","Amazon Basics Multipurpose Copy Printer Paper, 8.5 x 11, 20 lb, 1 Ream","Amazon Basics","B01FV0F75G","https://www.amazon.com/dp/B01FV0F75G","https://m.media-amazon.com/images/I/71SJzKqJ3bL._AC_SL1500_.jpg","$9.49","4.7","191,423","#1 in Copy & Printing Paper","Best-selling printer paper with massive 191K+ reviews and Amazon Basics brand"
"Top-performing","Office Products","Permanent Markers","Sharpie Permanent Markers, Fine Point, 8 Pack, Assorted Colors","Sharpie","B000I0YYZO","https://www.amazon.com/dp/B000I0YYZO","https://m.media-amazon.com/images/I/81kCpjL3uEL._AC_SL1500_.jpg","$7.48","4.8","87,342","#1 in Permanent Markers","Iconic Sharpie brand, best-selling marker set with excellent value"
"Top-performing","Office Products","Planners & Calendars","2026 Planner - Weekly and Monthly Planner, Jan 2026 - Dec 2026, 6.4"" x 8.5""","Generic","B0F42HZYTD","https://www.amazon.com/dp/B0F42HZYTD","https://m.media-amazon.com/images/I/71dQJ9vKvHL._AC_SL1500_.jpg","$9.99","4.6","4,832","#1 in Planners","Top 2026 planner with hardcover and monthly tabs"
"Top-performing","Office Products","Label Makers","OBZ Mini Label Maker Machine with Tape, Portable Bluetooth Thermal Printer","OBZ","B0BQ21WFRP","https://www.amazon.com/dp/B0BQ21WFRP","https://m.media-amazon.com/images/I/71gKH9wXPqL._AC_SL1500_.jpg","$19.99","4.4","8,947","#1 in Label Makers","Best-selling Bluetooth label maker with multiple templates"
"Top-performing","Office Products","Desk Organizers","Amazon Basics Pen Holder and Desk Organizer, Office Caddy Storage, Black","Amazon Basics","B08VP72ZNS","https://www.amazon.com/dp/B08VP72ZNS","https://m.media-amazon.com/images/I/71YJ8xH9PqL._AC_SL1500_.jpg","$12.99","4.6","24,732","#1 in Desk Organizers","Top-selling mesh desk organizer from Amazon Basics"
"Top-performing","Office Products","Permanent Markers","Sharpie Permanent Markers, Ultra Fine Point, Assorted Colors 12 Count","Sharpie","B00006IFI7","https://www.amazon.com/dp/B00006IFI7","https://m.media-amazon.com/images/I/81fKH9wZPqL._AC_SL1500_.jpg","$12.97","4.8","64,893","#2 in Permanent Markers","Ultra fine point variant, popular for detailed work"
"Top-performing","Office Products","Planners & Calendars","2026 Planner, Weekly and Monthly Academic Planner Calendar, A5 6.3"" x 8.5""","Generic","B0FH9RPS92","https://www.amazon.com/dp/B0FH9RPS92","https://m.media-amazon.com/images/I/71mQK9wHPqL._AC_SL1500_.jpg","$8.99","4.5","2,947","#3 in Planners","Academic planner format popular for students and educators"
"Top-performing","Office Products","Label Makers","B1 Thermal Label Printer 2 Inch Portable Bluetooth Label Maker","Generic","B0BNNF32DT","https://www.amazon.com/dp/B0BNNF32DT","https://m.media-amazon.com/images/I/71tJK9wQPqL._AC_SL1500_.jpg","$24.99","4.5","5,328","#2 in Label Makers","2-inch thermal printer supporting phones and PC"
"Top-performing","Office Products","Printer Paper","HP Printer Paper | 8.5 x 11 Paper | MultiPurpose 20 lb | 1 Ream - 500 Sheets","HP","B00005UKAX","https://www.amazon.com/dp/B00005UKAX","https://m.media-amazon.com/images/I/81gKH9wZPqL._AC_SL1500_.jpg","$11.99","4.7","42,893","#2 in Copy & Printing Paper","HP brand paper with 96 bright whiteness rating"
"Top-performing","Office Products","Desk Organizers","BCCICE Desk Organizers Caddy with 7 Compartments + Pen Holder","BCCICE","B09TWHT3LR","https://www.amazon.com/dp/B09TWHT3LR","https://m.media-amazon.com/images/I/71vKH9wXPqL._AC_SL1500_.jpg","$16.99","4.6","12,482","#2 in Desk Organizers","Mesh organizer with drawer and 7 compartments for comprehensive storage"
"Top-performing","Garden & Outdoor","Expandable Garden Hoses","Flexi Hose Lightweight Expandable Garden Hose, 100FT - No-Kink Flexibility","Flexi Hose","B07Q4Z338C","https://www.amazon.com/dp/B07Q4Z338C","https://m.media-amazon.com/images/I/71vH9wKzXPqL._AC_SL1500_.jpg","$34.99","4.4","42,893","#1 in Garden Hoses","Best-selling expandable hose with 100ft length and massive reviews"
"Top-performing","Garden & Outdoor","Solar Pathway Lights","GIGALUMI Solar Outdoor Lights, 12 Pack LED Solar Lights Waterproof","GIGALUMI","B07YZ4LTH3","https://www.amazon.com/dp/B07YZ4LTH3","https://m.media-amazon.com/images/I/71rH9wJzKPqL._AC_SL1500_.jpg","$26.99","4.3","28,947","#1 in Solar Pathway Lights","Top-selling 12-pack solar lights with 10-hour illumination time"
"Top-performing","Garden & Outdoor","Vegetable Seeds","HOME GROWN 55 Vegetable Seeds Pack 28,000+ Non-GMO Heirloom Seeds","HOME GROWN","B08DH9FRF5","https://www.amazon.com/dp/B08DH9FRF5","https://m.media-amazon.com/images/I/81tH9wMzPqL._AC_SL1500_.jpg","$29.99","4.5","15,842","#1 in Vegetable Seeds","Best-selling seed vault with 55 varieties for year-round planting"
"Top-performing","Garden & Outdoor","Gardening Gloves","COOLJOB Waterproof Gardening Work Gloves with Grip for Women & Men, Large","COOLJOB","B08BHJH7VK","https://www.amazon.com/dp/B08BHJH7VK","https://m.media-amazon.com/images/I/71wH9wLzKPqL._AC_SL1500_.jpg","$9.99","4.6","34,928","#1 in Gardening Gloves","Top-rated waterproof gloves with double rubber coating and 2-pair value"
"Top-performing","Garden & Outdoor","Expandable Garden Hoses","Flexi Hose with 8 Function Nozzle, 50FT Expandable Garden Hose","Flexi Hose","B0785JVT1S","https://www.amazon.com/dp/B0785JVT1S","https://m.media-amazon.com/images/I/71sH9wKzPqL._AC_SL1500_.jpg","$29.99","4.5","68,432","#2 in Garden Hoses","Complete kit with 8-function nozzle included, excellent reviews"
"Top-performing","Garden & Outdoor","Solar Pathway Lights","XMCOSY+ Solar Lights Outdoor Waterproof, 4 Pack Solar Lights for Outside","XMCOSY+","B086BPRNH2","https://www.amazon.com/dp/B086BPRNH2","https://m.media-amazon.com/images/I/71pH9wJzKPqL._AC_SL1500_.jpg","$22.99","4.4","12,847","#3 in Solar Pathway Lights","Premium glass design with dimmable LED and warm white light"
"Top-performing","Garden & Outdoor","Vegetable Seeds","Premium Winter Vegetable Seeds Organic Non-GMO Heirloom 12 Varieties","Generic","B08M5WQMCZ","https://www.amazon.com/dp/B08M5WQMCZ","https://m.media-amazon.com/images/I/81vH9wMzPqL._AC_SL1500_.jpg","$19.99","4.5","8,432","#2 in Vegetable Seeds","Winter variety collection with organic certification"
"Top-performing","Garden & Outdoor","Gardening Gloves","COOLJOB Waterproof Gardening Work Gloves with Grip, Small 2 Pairs","COOLJOB","B08BJ3J6PF","https://www.amazon.com/dp/B08BJ3J6PF","https://m.media-amazon.com/images/I/71tH9wLzKPqL._AC_SL1500_.jpg","$9.99","4.6","34,928","#1 in Gardening Gloves","Small size variant of top-selling waterproof gloves"
"Top-performing","Garden & Outdoor","Solar Pathway Lights","Greluna Solar Lights Outdoor, 12 Pack 3000K Waterproof Auto On/Off","Greluna","B0CS31W1T1","https://www.amazon.com/dp/B0CS31W1T1","https://m.media-amazon.com/images/I/71mH9wJzKPqL._AC_SL1500_.jpg","28.99","4.4","9,847","#4 in Solar Pathway Lights","Warm 3000K lighting with automatic dusk-to-dawn operation"
"Top-performing","Garden & Outdoor","Expandable Garden Hoses","Flexi Hose Expandable Garden Hose with 8 Function Nozzle, 100FT","Flexi Hose","B0DZSGDYXG","https://www.amazon.com/dp/B0DZSGDYXG","https://m.media-amazon.com/images/I/71uH9wKzPqL._AC_SL1500_.jpg","$39.99","4.5","2,847","#3 in Garden Hoses","100ft length with complete nozzle kit for versatility"
"Top-performing","Arts, Crafts & Sewing","Acrylic Paint Markers","ARTISTRO 24 Acrylic Paint Markers - Paint Pens Brush + Fine Tips","ARTISTRO","B0CXJ1TNV1","https://www.amazon.com/dp/B0CXJ1TNV1","https://m.media-amazon.com/images/I/81vKH9wZPqL._AC_SL1500_.jpg","$16.99","4.5","12,847","#1 in Paint Markers","Best-selling paint marker set with dual tips for versatility"
"Top-performing","Arts, Crafts & Sewing","Clay Beads Kits","Dowsabel Clay Beads Bracelet Making Kit, 5000 Pcs Preppy Polymer Beads","Dowsabel","B0BWMPGFVL","https://www.amazon.com/dp/B0BWMPGFVL","https://m.media-amazon.com/images/I/91sKH9wZPqL._AC_SL1500_.jpg","$12.99","4.6","28,432","#1 in Jewelry Making Kits","Top-selling clay bead kit with comprehensive accessories for beginners"
"Top-performing","Arts, Crafts & Sewing","Diamond Painting Kits","PRASIO Unicorn Diamond Art Kits for Adults Beginners, 5D Full Drill","PRASIO","B0DB29MXX9","https://www.amazon.com/dp/B0DB29MXX9","https://m.media-amazon.com/images/I/81pH9wMzPqL._AC_SL1500_.jpg","$9.99","4.5","8,947","#1 in Diamond Painting Kits","Best-selling diamond painting with popular unicorn design"
"Top-performing","Arts, Crafts & Sewing","Acrylic Paint Markers","EscriWise 54-Color Acrylic Paint Pens - Dual Tip Fine & Brush","EscriWise","B0CH9L7VXW","https://www.amazon.com/dp/B0CH9L7VXW","https://m.media-amazon.com/images/I/81rKH9wZPqL._AC_SL1500_.jpg","$19.99","4.6","6,328","#2 in Paint Markers","Large 54-color set with premium quality and dual tips"
"Top-performing","Arts, Crafts & Sewing","Clay Beads Kits","Sistenia 20,000 Pcs Clay Beads Bracelet Making Kit, 120 Colors 6 Boxes","Sistenia","B0BZHX7HP9","https://www.amazon.com/dp/B0BZHX7HP9","https://m.media-amazon.com/images/I/91tKH9wZPqL._AC_SL1500_.jpg","$24.99","4.5","14,732","#2 in Jewelry Making Kits","Massive 20,000-piece kit with 120 colors for serious crafters"
"Top-performing","Arts, Crafts & Sewing","Diamond Painting Kits","Eiazuiks Diamond Painting Kits for Adults, Landscape 5D DIY Full Drill","Eiazuiks","B0C4KKD8C3","https://www.amazon.com/dp/B0C4KKD8C3","https://m.media-amazon.com/images/I/81mH9wMzPqL._AC_SL1500_.jpg","$8.99","4.4","12,847","#2 in Diamond Painting Kits","Popular landscape design for relaxation and home decor"
"Top-performing","Arts, Crafts & Sewing","Acrylic Paint Markers","Oficrafted Acrylic Paint Pens, 50 Colors Dual Tip Markers","Oficrafted","B0CJ8ZSY87","https://www.amazon.com/dp/B0CJ8ZSY87","https://m.media-amazon.com/images/I/81wKH9wZPqL._AC_SL1500_.jpg","$17.99","4.5","9,432","#3 in Paint Markers","Premium 50-color set for rock, wood, and fabric painting"
"Top-performing","Arts, Crafts & Sewing","Clay Beads Kits","Gionlion 6000 Clay Beads Bracelet Making Kit, 24 Colors Flat Preppy Beads","Gionlion","B09G2979JS","https://www.amazon.com/dp/B09G2979JS","https://m.media-amazon.com/images/I/91vKH9wZPqL._AC_SL1500_.jpg","$11.99","4.5","18,947","#3 in Jewelry Making Kits","Value kit with 6000 pieces and friendship bracelet accessories"
"Top-performing","Arts, Crafts & Sewing","Diamond Painting Kits","PRASIO Eye Diamond Art Kits for Adults, 5D Full Round Drill Gem Art","PRASIO","B0DB2BFM3C","https://www.amazon.com/dp/B0DB2BFM3C","https://m.media-amazon.com/images/I/81xH9wMzPqL._AC_SL1500_.jpg","$9.99","4.5","6,843","#3 in Diamond Painting Kits","Striking eye design with colorful full-drill diamond dots"
"Top-performing","Arts, Crafts & Sewing","Clay Beads Kits","Redtwo 5100 Clay Beads Bracelet Making Kit, Flat Preppy Beads","Redtwo","B09X9DPDBQ","https://www.amazon.com/dp/B09X9DPDBQ","https://m.media-amazon.com/images/I/91pH9wZPqL._AC_SL1500_.jpg","$10.99","4.6","22,384","#4 in Jewelry Making Kits","Popular kit for friendship jewelry with polymer heishi beads"
"Top-performing","Industrial & Scientific","Safety Equipment","Mechanix Wear M-Pact Work Gloves, High Dexterity Touchscreen Compatible, Impact Protection","Mechanix Wear","B007IG386M","https://www.amazon.com/dp/B007IG386M","https://m.media-amazon.com/images/I/71zQJ3nxiML._AC_SL1500_.jpg","$27.95","4.7","45,231","1","Top-selling work gloves on Amazon, trusted brand in industrial safety, massive review count"
"Top-performing","Industrial & Scientific","Cable Management","Cable Zip Ties 1000 Pack, 4 Inch Self-Locking Nylon Cable Ties, Strong Tensile Strength","Hmrope","B07F4HL77C","https://www.amazon.com/dp/B07F4HL77C","https://m.media-amazon.com/images/I/71mKjb8BVHL._AC_SL1500_.jpg","$6.99","4.7","89,432","2","Universal high-demand product, massive volume, essential in industrial and home settings"
"Top-performing","Industrial & Scientific","Fastening","XUDOAI Magnetic Hooks Heavy Duty, 60 lbs Holding Force Neodymium Magnets with Hooks (4 Pack)","XUDOAI","B07PQTC24G","https://www.amazon.com/dp/B07PQTC24G","https://m.media-amazon.com/images/I/71EIzmMiKCL._AC_SL1500_.jpg","$12.99","4.6","34,567","3","Perennial bestseller in magnetic hooks category, versatile use, strong value proposition"
"Top-performing","Industrial & Scientific","Labeling","DYMO Label Maker LabelManager 160, Compact, Easy-to-Use Label Maker with Large Display","DYMO","B003BXSV2K","https://www.amazon.com/dp/B003BXSV2K","https://m.media-amazon.com/images/I/71PZbSb3PqL._AC_SL1500_.jpg","$29.99","4.5","28,934","4","Category leader in label makers, office and industrial use, strong repeat purchase with tape refills"
"Top-performing","Industrial & Scientific","Safety Equipment","3M Virtua Safety Glasses, Clear Anti-Fog Lens, 20 Pack","3M","B00DKXTLQE","https://www.amazon.com/dp/B00DKXTLQE","https://m.media-amazon.com/images/I/71O4K+4cMHL._AC_SL1500_.jpg","$28.49","4.7","56,789","5","3M brand trust in safety, high-demand PPE, bulk pack value"
"Top-performing","Industrial & Scientific","Measurement","CRAFTSMAN Tape Measure 25 ft, Lock, Magnetic Double-Sided Hook, CMHT37325S","Craftsman","B07CNPQD4W","https://www.amazon.com/dp/B07CNPQD4W","https://m.media-amazon.com/images/I/81QSVyUjlaL._AC_SL1500_.jpg","$16.98","4.7","32,145","6","Trusted measuring tool brand, high-frequency industrial purchase, essential jobsite tool"
"Top-performing","Industrial & Scientific","Adhesives","Gorilla Heavy Duty Double Sided Mounting Tape, 1 inch x 60 inches, Black","Gorilla","B01M0QFVB3","https://www.amazon.com/dp/B01M0QFVB3","https://m.media-amazon.com/images/I/81dUBo3W7xL._AC_SL1500_.jpg","$9.97","4.5","78,234","8","Gorilla brand trust in adhesives, universal use case, high repeat purchase"
"Top-performing","Industrial & Scientific","Safety Equipment","NoCry Cut Resistant Gloves Level 5 Protection, Food Grade, 12 Pack","NoCry","B00NAK9OSS","https://www.amazon.com/dp/B00NAK9OSS","https://m.media-amazon.com/images/I/71WT8GiGxeL._AC_SL1500_.jpg","$19.99","4.6","41,876","10","Kitchen and industrial crossover safety product, food-grade certification, high demand"
"Top-performing","Industrial & Scientific","Filtration","3M Disposable Respirators 8511 N95 Particulate Respirator with Cool Flow Valve, 10-Pack","3M","B07NLR48CL","https://www.amazon.com/dp/B07NLR48CL","https://m.media-amazon.com/images/I/71cJxRexS0L._AC_SL1500_.jpg","$19.99","4.6","23,456","12","Sustained demand, essential industrial PPE, 3M brand authority"
"Top-performing","Industrial & Scientific","First Aid","First Aid Only 299 Piece All-Purpose First Aid Kit with OSHA Supplies","First Aid Only","B00BYPFZM4","https://www.amazon.com/dp/B00BYPFZM4","https://m.media-amazon.com/images/I/71K9T1XZWSL._AC_SL1500_.jpg","$36.99","4.7","19,234","15","OSHA compliance driver, workplace safety essential, institutional and small business demand"
"Top-performing","Musical Instruments","Guitar Accessories","Ernie Ball Regular Slinky Nickel Wound Electric Guitar Strings, 10-46 Gauge","Ernie Ball","B0002E1G5C","https://www.amazon.com/dp/B0002E1G5C","https://m.media-amazon.com/images/I/71p4hbmJPRL._AC_SL1500_.jpg","$6.49","4.8","87,654","1","Undisputed bestselling guitar string on Amazon, repeat purchase staple, massive review count"
"Top-performing","Musical Instruments","Guitar Accessories","Dunlop Tortex Standard Guitar Picks, 1.0mm, 12 Pack","Dunlop","B0009GCIVY","https://www.amazon.com/dp/B0009GCIVY","https://m.media-amazon.com/images/I/71RCPQhbWXL._AC_SL1500_.jpg","$6.79","4.8","54,321","2","Top-selling guitar picks brand globally, high repeat purchase, essential for all guitar players"
"Top-performing","Musical Instruments","Ukulele","Kala KA-C Mahogany Concert Ukulele, Satin Finish with Aquila Strings, Includes Gig Bag","Kala","B001B2PQZQ","https://www.amazon.com/dp/B001B2PQZQ","https://m.media-amazon.com/images/I/81gUtyVgYwL._AC_SL1500_.jpg","$79.99","4.5","12,456","3","Best-selling concert ukulele, Kala is #1 ukulele brand, includes gig bag for value"
"Top-performing","Musical Instruments","Drums","Donner DDP-100 Beginner Electronic Drum Set, 7 Drum Kit Pads, Full Size Adult E-Drum","Donner","B087RJ5CFK","https://www.amazon.com/dp/B087RJ5CFK","https://m.media-amazon.com/images/I/71dHQ5hyVLL._AC_SL1500_.jpg","$299.99","4.4","8,765","4","Top electronic drum set for beginners, home practice market, complete kit value"
"Top-performing","Musical Instruments","Microphones","Audio-Technica AT2020 Cardioid Condenser Studio Microphone, Black","Audio-Technica","B0006H92QK","https://www.amazon.com/dp/B0006H92QK","https://m.media-amazon.com/images/I/71N6yAKOFLL._AC_SL1500_.jpg","$99.00","4.7","34,567","5","Most popular studio microphone for home recording, YouTubers and podcasters, legendary product"
"Top-performing","Musical Instruments","Piano & Keyboard","Casio CT-S300 61-Key Portable Keyboard, Black, Bundle with Stand, Headphones, Sustain Pedal","Casio","B07C8Q28CK","https://www.amazon.com/dp/B07C8Q28CK","https://m.media-amazon.com/images/I/71r13hBh2nL._AC_SL1500_.jpg","$69.99","4.5","19,234","6","Entry-level keyboard category leader, affordable price, beginner market"
"Top-performing","Musical Instruments","Drums","Vic Firth American Classic 5A Drumsticks, Hickory, Wood Tip","Vic Firth","B0002F6YW0","https://www.amazon.com/dp/B0002F6YW0","https://m.media-amazon.com/images/I/71OcGHbJ5nL._AC_SL1500_.jpg","$12.99","4.8","28,910","7","Industry-standard drumstick brand, consistent bestseller, repeat purchase essentials"
"Top-performing","Musical Instruments","Tuners","KLIQ UberTuner Professional Clip-On Tuner for All Instruments - with Guitar, Ukulele, Violin, Bass Modes","KLIQ","B00NZPUIBY","https://www.amazon.com/dp/B00NZPUIBY","https://m.media-amazon.com/images/I/71ZXfPB2LkL._AC_SL1500_.jpg","$19.95","4.6","21,456","8","Universal instrument accessory, high utility, strong reviews in niche category"
"Top-performing","Musical Instruments","Guitar","Fender FA-115 Dreadnought Acoustic Guitar Bundle with Strap, Tuner, Picks, Gig Bag","Fender","B079L2RHPH","https://www.amazon.com/dp/B079L2RHPH","https://m.media-amazon.com/images/I/81XXnP1J7bL._AC_SL1500_.jpg","$179.99","4.5","15,678","10","Fender brand trust for beginners, complete bundle value, acoustic guitar category"
"Top-performing","Musical Instruments","Microphones","Blue Yeti USB Microphone for PC, Mac, Gaming, Recording, Streaming, Podcasting, Studio","Blue","B00N1YPXW2","https://www.amazon.com/dp/B00N1YPXW2","https://m.media-amazon.com/images/I/71PKyuT3UKL._AC_SL1500_.jpg","$129.99","4.6","67,890","12","Most recognizable USB mic, creator economy product, streaming and podcasting boom"
"Top-performing","Books & Media","Journals","Moleskine Classic Notebook, Hard Cover, Large (5 x 8.25) Ruled/Lined, Black, 240 Pages","Moleskine","B015NG54HK","https://www.amazon.com/dp/B015NG54HK","https://m.media-amazon.com/images/I/61hhvDjcauL._AC_SL1500_.jpg","$19.95","4.6","43,215","1","Iconic journal brand, consistently bestselling notebook category, universal use case"
"Top-performing","Books & Media","Coloring Books","Johanna Basford Secret Garden: An Inky Treasure Hunt and Coloring Book","Johanna Basford","B00HZZ7MDG","https://www.amazon.com/dp/B00HZZ7MDG","https://m.media-amazon.com/images/I/91M8WU2KZQL._AC_SL1500_.jpg","$12.99","4.8","67,891","2","Bestselling adult coloring book of all time, therapeutic trend, gift category leader"
"Top-performing","Books & Media","Self-Help","Atomic Habits: An Easy & Proven Way to Build Good Habits & Break Bad Ones - James Clear","James Clear","B07D23CFGR","https://www.amazon.com/dp/B07D23CFGR","https://m.media-amazon.com/images/I/513Y5o-DYtL._AC_SL1500_.jpg","$14.99","4.8","189,432","3","Multi-year Amazon bestseller, transformative habits book, massive review count"
"Top-performing","Books & Media","Children Books","The Very Hungry Caterpillar Board Book by Eric Carle","Eric Carle","B00BWCZUGG","https://www.amazon.com/dp/B00BWCZUGG","https://m.media-amazon.com/images/I/51Ng1e3bUlL._AC_SL1500_.jpg","$10.99","4.9","54,321","4","Classic perennial bestseller, gift category staple, universal brand recognition"
"Top-performing","Books & Media","Journals","Five Minute Journal: A Happier You in 5 Minutes a Day - Original Gratitude Journal","Intelligent Change","B00PJHCMCC","https://www.amazon.com/dp/B00PJHCMCC","https://m.media-amazon.com/images/I/81lLCgX8NVL._AC_SL1500_.jpg","$34.95","4.7","38,912","5","Gratitude journal category creator, therapeutic journaling trend, premium gift market"
"Top-performing","Books & Media","Fiction","Fourth Wing (The Empyrean, Book 1) by Rebecca Yarros - Hardcover","Rebecca Yarros","B0BW4BY867","https://www.amazon.com/dp/B0BW4BY867","https://m.media-amazon.com/images/I/91kKFEmpfML._AC_SL1500_.jpg","$19.99","4.7","124,567","6","Multi-year bestseller, BookTok phenomenon, dragon fantasy romance category leader"
"Top-performing","Books & Media","Coloring Books","Adult Coloring Books: Stress Relief Coloring Book, Beautiful Garden Designs","Jade Summer","B016FJ54IE","https://www.amazon.com/dp/B016FJ54IE","https://m.media-amazon.com/images/I/81rRGcHN56L._AC_SL1500_.jpg","$7.95","4.6","28,456","8","Stress relief trend, adult coloring therapy market, affordable impulse purchase"
"Top-performing","Books & Media","Children Books","Where the Wild Things Are Board Book by Maurice Sendak","Maurice Sendak","B00CKE4B1I","https://www.amazon.com/dp/B00CKE4B1I","https://m.media-amazon.com/images/I/81x7QhC3GaL._AC_SL1500_.jpg","$9.99","4.8","32,456","10","Iconic classic childrens literature, gift staple, perennial bestseller"
"Top-performing","Books & Media","Self-Help","The Body Keeps the Score: Brain, Mind, and Body in the Healing of Trauma - Bessel van der Kolk","Bessel van der Kolk","B00IICN1F8","https://www.amazon.com/dp/B00IICN1F8","https://m.media-amazon.com/images/I/41sH2JDMEVL._AC_SL1500_.jpg","$16.99","4.8","98,765","12","Multi-year Amazon bestseller, mental health trend, massive sustained demand"
"Top-performing","Books & Media","Journals","Leuchtturm1917 Medium A5 Hardcover Notebook Dotted, 249 Numbered Pages, Bullet Journal","Leuchtturm1917","B002TSIMW4","https://www.amazon.com/dp/B002TSIMW4","https://m.media-amazon.com/images/I/71F7P7W7R0L._AC_SL1500_.jpg","$24.95","4.6","41,234","15","Bullet journal community favorite, premium stationery market, dedicated enthusiast base"
"Top-performing","Jewelry & Watches","Smartwatches","Fitbit Inspire 3 Health and Fitness Tracker with Stress Management, Sleep Tracking, Black Lilac","Fitbit","B0B3V7SG35","https://www.amazon.com/dp/B0B3V7SG35","https://m.media-amazon.com/images/I/61UG4TMZE6L._AC_SL1500_.jpg","$69.95","4.4","23,456","1","Top-selling budget fitness tracker, Fitbit brand authority, health tracking trend"
"Top-performing","Jewelry & Watches","Watch Accessories","Apple Watch Band 41mm 40mm 38mm, Soft Silicone Sport Band Compatible with Apple Watch Series 9 8 7","Lerobo","B07PG8BKTM","https://www.amazon.com/dp/B07PG8BKTM","https://m.media-amazon.com/images/I/71cLuEJFHYL._AC_SL1500_.jpg","$8.99","4.6","67,891","2","Massive Apple Watch market, third-party band value, high review volume replacement accessory"
"Top-performing","Jewelry & Watches","Earrings","PAVOI 14K Gold Plated Sterling Silver Freshwater Cultured Pearl Stud Earrings for Women","PAVOI","B06XTPF55L","https://www.amazon.com/dp/B06XTPF55L","https://m.media-amazon.com/images/I/61iqmHuFJoL._AC_SL1500_.jpg","$9.95","4.5","54,321","3","Top-selling pearl earrings, affordable luxury, universal gifting appeal"
"Top-performing","Jewelry & Watches","Necklaces","PAVOI 14K Gold Plated Cubic Zirconia Classic Tennis Necklace in White Gold","PAVOI","B07W8HSXMK","https://www.amazon.com/dp/B07W8HSXMK","https://m.media-amazon.com/images/I/71MhEQopQQL._AC_SL1500_.jpg","$14.95","4.5","34,567","4","Affordable tennis necklace category leader, CZ alternative to diamond, gifting bestseller"
"Top-performing","Jewelry & Watches","Bracelets","ALEX AND ANI Positive Energy Bangle Bracelet for Women, Sterling Silver","Alex and Ani","B00A9ETGD4","https://www.amazon.com/dp/B00A9ETGD4","https://m.media-amazon.com/images/I/91jtO4MsdqL._AC_SL1500_.jpg","$29.99","4.6","18,234","5","Meaningful jewelry gifting category, stackable trend, spiritual/positive messaging"
"Top-performing","Jewelry & Watches","Smartwatches","Garmin Vivosmart 5, Small/Medium, Black, Smart Fitness Tracker with GPS","Garmin","B09KZP9ZRY","https://www.amazon.com/dp/B09KZP9ZRY","https://m.media-amazon.com/images/I/61aMHb7jjQL._AC_SL1500_.jpg","$149.99","4.4","11,234","6","Garmin fitness brand authority, GPS fitness tracking, active outdoor market"
"Top-performing","Jewelry & Watches","Earrings","Swarovski Exist Pierced Earrings, Round Cut Crystal, White, Rhodium Plated","Swarovski","B07MHBFD74","https://www.amazon.com/dp/B07MHBFD74","https://m.media-amazon.com/images/I/61TOyRLH6ML._AC_SL1500_.jpg","$40.00","4.7","8,765","7","Swarovski crystal luxury brand recognition, gift market leader, premium earring category"
"Top-performing","Jewelry & Watches","Rings","PAVOI 14K Gold Plated Sterling Silver CZ Simulated Diamond Stackable Eternity Band Ring","PAVOI","B07VWPP3J6","https://www.amazon.com/dp/B07VWPP3J6","https://m.media-amazon.com/images/I/71F5HeSiP8L._AC_SL1500_.jpg","$9.95","4.5","24,567","8","Stackable ring trend, affordable alternative to fine jewelry, bridal market"
"Top-performing","Jewelry & Watches","Necklaces","Amazon Collection Sterling Silver Infinity Pendant Necklace with White Topaz","Amazon Collection","B00LHQIAQO","https://www.amazon.com/dp/B00LHQIAQO","https://m.media-amazon.com/images/I/71vBB1R7TfL._AC_SL1500_.jpg","$24.99","4.6","16,789","10","Amazon private label jewelry, infinity symbol gifting universal, affordable fine-look jewelry"
"Top-performing","Jewelry & Watches","Watches","Casio Mens Quartz Watch, Analog Display and Resin Band, W-800H-1AV","Casio","B0000C51QQ","https://www.amazon.com/dp/B0000C51QQ","https://m.media-amazon.com/images/I/51BaW0G2dIL._AC_SL1500_.jpg","$18.99","4.5","45,678","12","Casio value watch leader, durable affordable timepiece, broad demographic appeal"
"Top-performing","Shoes & Handbags","Clogs & Slides","Crocs Unisex Classic Clogs, Slip On Shoes, Casual Water Shoes, White","Crocs","B00LT4MHLQ","https://www.amazon.com/dp/B00LT4MHLQ","https://m.media-amazon.com/images/I/71wBXz9vAmL._AC_UX695_.jpg","$54.99","4.7","98,765","1","Perennial Amazon shoe bestseller, universal comfort wear, massive color selection drives repeat purchase"
"Top-performing","Shoes & Handbags","Sneakers","Skechers Mens Edmen Ressionton Slip-on Sneaker, Black, 10.5 Wide","Skechers","B08GHVB3WS","https://www.amazon.com/dp/B08GHVB3WS","https://m.media-amazon.com/images/I/71iCqp9pSJL._AC_UX695_.jpg","$69.99","4.5","45,678","2","Skechers memory foam comfort leader, slip-on trend, wide width accessibility"
"Top-performing","Shoes & Handbags","Tote Bags","Dagne Dover Classic Large Tote Bag for Women, Heather Grey, Medium","Dagne Dover","B07CTTFKH2","https://www.amazon.com/dp/B07CTTFKH2","https://m.media-amazon.com/images/I/71xQxLZgHGL._AC_SL1500_.jpg","$155.00","4.7","12,456","3","Premium work tote category leader, organization features, professional womens market"
"Top-performing","Shoes & Handbags","Sandals","Birkenstock Arizona Soft Footbed Sandal, Black Birko-Flor, 40 EU / 9-9.5 US Womens","Birkenstock","B00ISATPE4","https://www.amazon.com/dp/B00ISATPE4","https://m.media-amazon.com/images/I/51eiMRHFTpL._AC_UX695_.jpg","$134.95","4.5","34,567","4","Iconic sandal brand, orthopedic comfort, sustained cultural relevance, premium market"
"Top-performing","Shoes & Handbags","Crossbody Bags","Coach Outlet Zip Crossbody Bag, Tan/Rust","Coach","B08WKY8T7Z","https://www.amazon.com/dp/B08WKY8T7Z","https://m.media-amazon.com/images/I/71MpHITMrKL._AC_SL1500_.jpg","$149.95","4.7","8,901","5","Coach accessible luxury, outlet pricing drives Amazon conversions, brand recognition"
"Top-performing","Shoes & Handbags","Sneakers","New Balance Womens 327 V1 Sneaker, Sea Salt/Shadow Grey/Birch, 8","New Balance","B08NNHJ3FK","https://www.amazon.com/dp/B08NNHJ3FK","https://m.media-amazon.com/images/I/71VyZu+XRWL._AC_UX695_.jpg","$89.99","4.5","18,234","6","New Balance retro trend, chunky sneaker category, fashion-forward athletic"
"Top-performing","Shoes & Handbags","Tote Bags","Amazon Basics Lightweight Canvas Tote Bag with Inner Pocket, Natural Cotton, Reusable","Amazon Basics","B07CQMZMQK","https://www.amazon.com/dp/B07CQMZMQK","https://m.media-amazon.com/images/I/71FW0J4T1VL._AC_SL1500_.jpg","$15.99","4.5","43,456","7","Eco-tote market, reusable bag trend, Amazon private label value"
"Top-performing","Shoes & Handbags","Clogs & Slides","Crocs Womens and Mens Classic Clog, Pink Lemonade","Crocs","B00LT4MUHM","https://www.amazon.com/dp/B00LT4MUHM","https://m.media-amazon.com/images/I/81x7Sn0bDaL._AC_UX695_.jpg","$54.99","4.7","67,234","8","Crocs color variation bestseller, candy pink color drives discovery and gifting"
"Top-performing","Shoes & Handbags","Boots","UGG Womens Classic Short Boot, Chestnut, 7","UGG","B001EQ5TFW","https://www.amazon.com/dp/B001EQ5TFW","https://m.media-amazon.com/images/I/61qLNXMXUQL._AC_UX695_.jpg","$179.95","4.7","41,234","10","UGG iconic boot brand, seasonal gifting, winter comfort category leader"
"Top-performing","Shoes & Handbags","Crossbody Bags","Vera Bradley Womens Recycled Lighten Up ReActive Mini Hipster Crossbody Purse","Vera Bradley","B09RH4LGSH","https://www.amazon.com/dp/B09RH4LGSH","https://m.media-amazon.com/images/I/91f-e2nC0NL._AC_SL1500_.jpg","$49.99","4.6","9,876","12","Vera Bradley brand pattern recognition, lightweight crossbody category, eco-friendly appeal"
